	low	high	val
Age	0.16636091597244337	0.2480065095002373	0.20718371273634034
Gender	-0.24773554243667423	-0.02444837730995085	-0.13609195987331255
